<?xml version="1.0" encoding="UTF-8"?>
<project-private xmlns="http://www.netbeans.org/ns/project-private/1">
    <editor-bookmarks xmlns="http://www.netbeans.org/ns/editor-bookmarks/2" lastBookmarkId="0"/>
    <open-files xmlns="http://www.netbeans.org/ns/projectui-open-files/2">
        <group>
            <file>file:/D:/MY%20Brojct/Net%20beans/Salse%20invoise%20generator/src/Model/InvoiceHeader.java</file>
            <file>file:/D:/MY%20Brojct/Net%20beans/Salse%20invoise%20generator/src/Controller/Controller.java</file>
            <file>file:/D:/MY%20Brojct/Net%20beans/Salse%20invoise%20generator/src/Model/InvoiceLine.java</file>
            <file>file:/D:/MY%20Brojct/Net%20beans/Salse%20invoise%20generator/src/Model/InvoiceLineTable.java</file>
            <file>file:/D:/MY%20Brojct/Net%20beans/Salse%20invoise%20generator/src/Model/InvoiceHeaderTable.java</file>
            <file>file:/D:/MY%20Brojct/Net%20beans/Salse%20invoise%20generator/src/View/Frame.java</file>
        </group>
    </open-files>
</project-private>
